"SHAIN_ID","PASSWORD","SHAIN_NAME","SHAIN_NAME_KANA","KENGEN_ID","CREATE_SHAIN_ID","CREATE_DT","UPDATE_SHAIN_ID","UPDATE_DT"
"sh0001","sh0001","ŽÐˆõ1","¼¬²Ý²Á","01","sh0001",2024/04/10 10:38:38,"sh0001",2024/04/10 10:38:38
"sh0002","sh0002","ŽÐˆõ2","¼¬²ÝÆ","02","sh0002",2024/04/11 16:24:32,"sh0001",2024/04/12 17:34:24
"sh0003","sh0003","ƒeƒXƒg","Ã½Ä","02","sh0001",2024/04/11 16:56:29,"sh0001",2024/04/12 17:34:24
"sh0004","sh0004","ŽÐˆõ4","¼¬²Ý","01","sh0004",2024/04/12 16:29:09,"sh0001",2024/04/12 17:34:24
"sh0005","sh0005","ŽÐˆõ5","¼¬²Ý","01","sh0005",2024/04/12 16:29:38,"sh0001",2024/04/12 17:34:24
"sh0006","sh0006","ŽÐˆõ6","¼¬²Ý","01","sh0006",2024/04/12 16:29:48,"sh0001",2024/04/12 17:34:24
"sh0007","sh0007","ŽÐˆõ7","¼¬²Ý","01","sh0007",2024/04/12 16:29:57,"sh0001",2024/04/12 17:34:24
"sh0008","sh0008","ŽÐˆõ8","¼¬²Ý","01","sh0008",2024/04/12 16:30:11,"sh0001",2024/04/12 17:34:24
"sh0010","sh0010","ŽÐˆõ10","¼¬²Ý","01","sh0010",2024/04/12 16:30:45,"sh0001",2024/04/12 17:34:24
"sh0011","sh0011","ŽÐˆõ11","¼¬²Ý","01","sh0011",2024/04/12 16:30:53,"sh0001",2024/04/12 17:34:24
"sh0012","sh0012","ŽÐˆõ12","¼¬²Ý","01","sh0012",2024/04/12 16:31:00,"sh0001",2024/04/12 17:34:24
"sh0013","sh0013","ŽÐˆõ13","¼¬²Ý","01","sh0013",2024/04/12 16:31:07,"sh0001",2024/04/12 17:34:24
"sh0014","sh0014","ŽÐˆõ14","¼¬²Ý","01","sh0014",2024/04/12 16:31:14,"sh0001",2024/04/12 17:34:24
"sh0015","sh0015","ŽÐˆõ15","¼¬²Ý","01","sh0015",2024/04/12 16:31:21,"sh0001",2024/04/12 17:34:24
"sh0016","sh0016","ŽÐˆõ16","¼¬²Ý","01","sh0016",2024/04/12 16:31:29,"sh0001",2024/04/12 17:34:24
"sh0018","sh0018","ŽÐˆõ18","¼¬²Ý","01","sh0018",2024/04/12 16:31:44,"sh0001",2024/04/12 17:34:24
"sh0019","sh0019","ŽÐˆõ19","¼¬²Ý","01","sh0019",2024/04/12 16:31:50,"sh0001",2024/04/12 17:34:24
"sh0020","sh0020","ŽÐˆõ20","¼¬²Ý","01","sh0020",2024/04/12 16:31:59,"sh0001",2024/04/12 17:34:24
"sh0021","sh0021","ŽÐˆõ21","¼¬²Ý","01","sh0021",2024/04/12 16:32:08,"sh0001",2024/04/12 17:34:24
"sh0022","sh0022","ŽÐˆõ22","¼¬²Ý","01","sh0022",2024/04/12 16:32:14,"sh0001",2024/04/12 17:34:24
"sh0023","sh0023","ŽÐˆõ23","¼¬²Ý","01","sh0023",2024/04/12 16:32:30,"sh0001",2024/04/12 17:34:24
"sh0024","sh0024","ŽÐˆõ24","¼¬²Ý","01","sh0024",2024/04/12 16:32:37,"sh0001",2024/04/12 17:34:24
"sh0025","sh0025","ŽÐˆõ25","¼¬²Ý","01","sh0025",2024/04/12 16:32:47,"sh0001",2024/04/12 17:34:24
"sh0026","sh0026","ŽÐˆõ26","¼¬²Ý","01","sh0026",2024/04/12 16:32:55,"sh0001",2024/04/12 17:34:24
"sh0027","sh0027","ŽÐˆõ27","¼¬²Ý","01","sh0027",2024/04/12 16:33:02,"sh0001",2024/04/12 17:34:24
"sh0028","sh0028","ŽÐˆõ28","¼¬²Ý","01","sh0028",2024/04/12 16:33:08,"sh0001",2024/04/12 17:34:24
"sh0030","sh0030","ŽÐˆõ30","¼¬²Ý","01","sh0030",2024/04/12 16:33:22,"sh0001",2024/04/12 17:34:24
"sh0031","sh0031","ŽÐˆõ31","¼¬²Ý","02","sh0031",2024/04/12 16:33:39,"sh0001",2024/04/12 17:34:24
"sh0032","sh0032","ŽÐˆõ32","¼¬²Ý","02","sh0032",2024/04/12 16:33:48,"sh0001",2024/04/12 17:34:24
