"SHAIN_ID","YEAR_MONTH_DAY","SHIFT_ID","KIBOU_SHIFT_ID","BIKOU","CREATE_SHAIN_ID","CREATE_DT","UPDATE_SHAIN_ID","UPDATE_DT"
"sh0001","20240401",,,,"sh0001",2024/04/11 16:22:31,"sh0001",2024/04/15 10:01:09
"sh0001","20240402",,,,"sh0001",2024/04/11 16:22:31,"sh0001",2024/04/15 10:01:09
"sh0001","20240403",,,,"sh0001",2024/04/11 16:22:31,"sh0001",2024/04/15 10:01:09
"sh0001","20240404",,,,"sh0001",2024/04/11 16:22:31,"sh0001",2024/04/15 10:01:09
"sh0001","20240405",,,,"sh0001",2024/04/11 16:22:31,"sh0001",2024/04/15 10:01:09
"sh0001","20240406",,,,"sh0001",2024/04/11 16:22:31,"sh0001",2024/04/15 10:01:09
"sh0001","20240407",,,,"sh0001",2024/04/11 16:22:31,"sh0001",2024/04/15 10:01:09
"sh0001","20240408",,,,"sh0001",2024/04/11 16:22:31,"sh0001",2024/04/15 10:01:09
"sh0001","20240409",,,,"sh0001",2024/04/11 16:22:31,"sh0001",2024/04/15 10:01:09
"sh0001","20240410",,,,"sh0001",2024/04/11 16:22:31,"sh0001",2024/04/15 10:01:09
"sh0001","20240411",,,,"sh0001",2024/04/11 16:22:31,"sh0001",2024/04/15 10:01:09
"sh0001","20240412",,,,"sh0001",2024/04/11 16:22:31,"sh0001",2024/04/15 10:01:09
"sh0001","20240413",,,,"sh0001",2024/04/11 16:22:31,"sh0001",2024/04/15 10:01:09
"sh0001","20240414",,,,"sh0001",2024/04/11 16:22:31,"sh0001",2024/04/15 10:01:09
"sh0001","20240415",,,,"sh0001",2024/04/11 16:22:31,"sh0001",2024/04/15 10:01:09
"sh0001","20240416",,,,"sh0001",2024/04/11 16:22:31,"sh0001",2024/04/15 10:01:09
"sh0001","20240417",,,,"sh0001",2024/04/11 16:22:31,"sh0001",2024/04/15 10:01:09
"sh0001","20240418",,,,"sh0001",2024/04/11 16:22:31,"sh0001",2024/04/15 10:01:09
"sh0001","20240419",,,,"sh0001",2024/04/11 16:22:31,"sh0001",2024/04/15 10:01:09
"sh0001","20240420",,,,"sh0001",2024/04/11 16:22:31,"sh0001",2024/04/15 10:01:09
"sh0001","20240421",,,,"sh0001",2024/04/11 16:22:31,"sh0001",2024/04/15 10:01:09
"sh0001","20240422",,,,"sh0001",2024/04/11 16:22:31,"sh0001",2024/04/15 10:01:09
"sh0001","20240423",,,,"sh0001",2024/04/11 16:22:31,"sh0001",2024/04/15 10:01:09
"sh0001","20240424",,,,"sh0001",2024/04/11 16:22:31,"sh0001",2024/04/15 10:01:09
"sh0001","20240425",,,,"sh0001",2024/04/11 16:22:31,"sh0001",2024/04/15 10:01:09
"sh0001","20240426",,,,"sh0001",2024/04/11 16:22:31,"sh0001",2024/04/15 10:01:09
"sh0001","20240427",,,,"sh0001",2024/04/11 16:22:31,"sh0001",2024/04/15 10:01:09
"sh0001","20240428",,,,"sh0001",2024/04/11 16:22:31,"sh0001",2024/04/15 10:01:09
"sh0001","20240429",,,,"sh0001",2024/04/11 16:22:31,"sh0001",2024/04/15 10:01:09
"sh0001","20240430",,,,"sh0001",2024/04/11 16:22:31,"sh0001",2024/04/15 10:01:09
"sh0002","20240401","sf0003","sf0003",,"sh0002",2024/04/11 16:41:13,"sh0001",2024/04/15 10:01:09
"sh0002","20240402","sf0003","sf0003",,"sh0002",2024/04/11 16:41:13,"sh0001",2024/04/15 10:01:09
"sh0002","20240403","sf0003","sf0003",,"sh0002",2024/04/11 16:41:13,"sh0001",2024/04/15 10:01:09
"sh0002","20240404","sf0001","sf0001",,"sh0002",2024/04/11 16:41:13,"sh0001",2024/04/15 10:01:09
"sh0002","20240405",,,,"sh0002",2024/04/11 16:41:13,"sh0001",2024/04/15 10:01:09
"sh0002","20240406",,,,"sh0002",2024/04/11 16:41:13,"sh0001",2024/04/15 10:01:09
"sh0002","20240407",,,,"sh0002",2024/04/11 16:41:13,"sh0001",2024/04/15 10:01:09
"sh0002","20240408","sf0002","sf0002",,"sh0002",2024/04/11 16:41:13,"sh0001",2024/04/15 10:01:09
"sh0002","20240409","sf0003","sf0003",,"sh0002",2024/04/11 16:41:13,"sh0001",2024/04/15 10:01:09
"sh0002","20240410","sf0003","sf0003",,"sh0002",2024/04/11 16:41:13,"sh0001",2024/04/15 10:01:09
"sh0002","20240411","sf0003","sf0003",,"sh0002",2024/04/11 16:41:13,"sh0001",2024/04/15 10:01:09
"sh0002","20240412","sf0001","sf0001",,"sh0002",2024/04/11 16:41:13,"sh0001",2024/04/15 10:01:09
"sh0002","20240413","sf0003","sf0003",,"sh0002",2024/04/11 16:41:13,"sh0001",2024/04/15 10:01:09
"sh0002","20240414","sf0003","sf0003",,"sh0002",2024/04/11 16:41:13,"sh0001",2024/04/15 10:01:09
"sh0002","20240415",,,,"sh0002",2024/04/11 16:41:13,"sh0001",2024/04/15 10:01:09
"sh0002","20240416","sf0001",,,"sh0002",2024/04/11 16:41:13,"sh0001",2024/04/15 10:01:09
"sh0002","20240417",,,,"sh0002",2024/04/11 16:41:13,"sh0001",2024/04/15 10:01:09
"sh0002","20240418",,,,"sh0002",2024/04/11 16:41:13,"sh0001",2024/04/15 10:01:09
"sh0002","20240419",,,,"sh0002",2024/04/11 16:41:13,"sh0001",2024/04/15 10:01:09
"sh0002","20240420",,,,"sh0002",2024/04/11 16:41:13,"sh0001",2024/04/15 10:01:09
"sh0002","20240421",,,,"sh0002",2024/04/11 16:41:13,"sh0001",2024/04/15 10:01:09
"sh0002","20240422",,,,"sh0002",2024/04/11 16:41:13,"sh0001",2024/04/15 10:01:09
"sh0002","20240423",,,,"sh0002",2024/04/11 16:41:13,"sh0001",2024/04/15 10:01:09
"sh0002","20240424",,,,"sh0002",2024/04/11 16:41:13,"sh0001",2024/04/15 10:01:09
"sh0002","20240425",,,,"sh0002",2024/04/11 16:41:13,"sh0001",2024/04/15 10:01:09
"sh0002","20240426",,,,"sh0002",2024/04/11 16:41:13,"sh0001",2024/04/15 10:01:09
"sh0002","20240427",,,,"sh0002",2024/04/11 16:41:13,"sh0001",2024/04/15 10:01:09
"sh0002","20240428",,,,"sh0002",2024/04/11 16:41:13,"sh0001",2024/04/15 10:01:09
"sh0002","20240429",,,,"sh0002",2024/04/11 16:41:13,"sh0001",2024/04/15 10:01:09
"sh0002","20240430",,,,"sh0002",2024/04/11 16:41:13,"sh0001",2024/04/15 10:01:09
"sh0003","20240401",,,,"sh0001",2024/04/11 16:58:51,"sh0001",2024/04/15 10:01:09
"sh0003","20240402",,,,"sh0001",2024/04/11 16:58:51,"sh0001",2024/04/15 10:01:09
"sh0003","20240403",,,,"sh0001",2024/04/11 16:58:51,"sh0001",2024/04/15 10:01:09
"sh0003","20240404",,,,"sh0001",2024/04/11 16:58:51,"sh0001",2024/04/15 10:01:09
"sh0003","20240405",,,,"sh0001",2024/04/11 16:58:51,"sh0001",2024/04/15 10:01:09
"sh0003","20240406",,,,"sh0001",2024/04/11 16:58:51,"sh0001",2024/04/15 10:01:09
"sh0003","20240407",,,,"sh0001",2024/04/11 16:58:51,"sh0001",2024/04/15 10:01:09
"sh0003","20240408",,,,"sh0001",2024/04/11 16:58:51,"sh0001",2024/04/15 10:01:09
"sh0003","20240409",,,,"sh0001",2024/04/11 16:58:51,"sh0001",2024/04/15 10:01:09
"sh0003","20240410",,,,"sh0001",2024/04/11 16:58:51,"sh0001",2024/04/15 10:01:09
"sh0003","20240411",,,,"sh0001",2024/04/11 16:58:51,"sh0001",2024/04/15 10:01:09
"sh0003","20240412",,,,"sh0001",2024/04/11 16:58:51,"sh0001",2024/04/15 10:01:09
"sh0003","20240413",,,,"sh0001",2024/04/11 16:58:51,"sh0001",2024/04/15 10:01:09
"sh0003","20240414",,,,"sh0001",2024/04/11 16:58:51,"sh0001",2024/04/15 10:01:09
"sh0003","20240415",,,,"sh0001",2024/04/11 16:58:51,"sh0001",2024/04/15 10:01:09
"sh0003","20240416",,,,"sh0001",2024/04/11 16:58:51,"sh0001",2024/04/15 10:01:09
"sh0003","20240417",,,,"sh0001",2024/04/11 16:58:51,"sh0001",2024/04/15 10:01:09
"sh0003","20240418",,,,"sh0001",2024/04/11 16:58:51,"sh0001",2024/04/15 10:01:09
"sh0003","20240419",,,,"sh0001",2024/04/11 16:58:51,"sh0001",2024/04/15 10:01:09
"sh0003","20240420",,,,"sh0001",2024/04/11 16:58:51,"sh0001",2024/04/15 10:01:09
"sh0003","20240421",,,,"sh0001",2024/04/11 16:58:51,"sh0001",2024/04/15 10:01:09
"sh0003","20240422",,,,"sh0001",2024/04/11 16:58:51,"sh0001",2024/04/15 10:01:09
"sh0003","20240423",,,,"sh0001",2024/04/11 16:58:51,"sh0001",2024/04/15 10:01:09
"sh0003","20240424",,,,"sh0001",2024/04/11 16:58:51,"sh0001",2024/04/15 10:01:09
"sh0003","20240425",,,,"sh0001",2024/04/11 16:58:51,"sh0001",2024/04/15 10:01:09
"sh0003","20240426",,,,"sh0001",2024/04/11 16:58:51,"sh0001",2024/04/15 10:01:09
"sh0003","20240427",,,,"sh0001",2024/04/11 16:58:51,"sh0001",2024/04/15 10:01:09
"sh0003","20240428",,,,"sh0001",2024/04/11 16:58:51,"sh0001",2024/04/15 10:01:09
"sh0003","20240429",,,,"sh0001",2024/04/11 16:58:51,"sh0001",2024/04/15 10:01:09
"sh0003","20240430",,,,"sh0001",2024/04/11 16:58:51,"sh0001",2024/04/15 10:01:09
"sh0004","20240401",,,,"sh0001",2024/04/12 17:34:58,"sh0001",2024/04/15 10:01:09
"sh0004","20240402",,,,"sh0001",2024/04/12 17:34:58,"sh0001",2024/04/15 10:01:09
"sh0004","20240403",,,,"sh0001",2024/04/12 17:34:58,"sh0001",2024/04/15 10:01:09
"sh0004","20240404",,,,"sh0001",2024/04/12 17:34:58,"sh0001",2024/04/15 10:01:09
"sh0004","20240405",,,,"sh0001",2024/04/12 17:34:58,"sh0001",2024/04/15 10:01:09
"sh0004","20240406",,,,"sh0001",2024/04/12 17:34:58,"sh0001",2024/04/15 10:01:09
"sh0004","20240407",,,,"sh0001",2024/04/12 17:34:58,"sh0001",2024/04/15 10:01:09
"sh0004","20240408",,,,"sh0001",2024/04/12 17:34:58,"sh0001",2024/04/15 10:01:09
"sh0004","20240409",,,,"sh0001",2024/04/12 17:34:58,"sh0001",2024/04/15 10:01:09
"sh0004","20240410",,,,"sh0001",2024/04/12 17:34:58,"sh0001",2024/04/15 10:01:09
"sh0004","20240411",,,,"sh0001",2024/04/12 17:34:58,"sh0001",2024/04/15 10:01:09
"sh0004","20240412",,,,"sh0001",2024/04/12 17:34:58,"sh0001",2024/04/15 10:01:09
"sh0004","20240413",,,,"sh0001",2024/04/12 17:34:58,"sh0001",2024/04/15 10:01:09
"sh0004","20240414",,,,"sh0001",2024/04/12 17:34:58,"sh0001",2024/04/15 10:01:09
"sh0004","20240415","sf0002",,,"sh0001",2024/04/12 17:34:58,"sh0001",2024/04/15 10:01:09
"sh0004","20240416",,,,"sh0001",2024/04/12 17:34:58,"sh0001",2024/04/15 10:01:09
"sh0004","20240417",,,,"sh0001",2024/04/12 17:34:58,"sh0001",2024/04/15 10:01:09
"sh0004","20240418",,,,"sh0001",2024/04/12 17:34:58,"sh0001",2024/04/15 10:01:09
"sh0004","20240419",,,,"sh0001",2024/04/12 17:34:58,"sh0001",2024/04/15 10:01:09
"sh0004","20240420",,,,"sh0001",2024/04/12 17:34:58,"sh0001",2024/04/15 10:01:09
"sh0004","20240421",,,,"sh0001",2024/04/12 17:34:58,"sh0001",2024/04/15 10:01:09
"sh0004","20240422",,,,"sh0001",2024/04/12 17:34:58,"sh0001",2024/04/15 10:01:09
"sh0004","20240423",,,,"sh0001",2024/04/12 17:34:58,"sh0001",2024/04/15 10:01:09
"sh0004","20240424",,,,"sh0001",2024/04/12 17:34:58,"sh0001",2024/04/15 10:01:09
"sh0004","20240425",,,,"sh0001",2024/04/12 17:34:58,"sh0001",2024/04/15 10:01:09
"sh0004","20240426",,,,"sh0001",2024/04/12 17:34:58,"sh0001",2024/04/15 10:01:09
"sh0004","20240427",,,,"sh0001",2024/04/12 17:34:58,"sh0001",2024/04/15 10:01:09
"sh0004","20240428",,,,"sh0001",2024/04/12 17:34:58,"sh0001",2024/04/15 10:01:09
"sh0004","20240429",,,,"sh0001",2024/04/12 17:34:58,"sh0001",2024/04/15 10:01:09
"sh0004","20240430",,,,"sh0001",2024/04/12 17:34:58,"sh0001",2024/04/15 10:01:09
"sh0005","20240401",,,,"sh0001",2024/04/12 17:34:58,"sh0001",2024/04/15 10:01:09
"sh0005","20240402",,,,"sh0001",2024/04/12 17:34:58,"sh0001",2024/04/15 10:01:09
"sh0005","20240403",,,,"sh0001",2024/04/12 17:34:58,"sh0001",2024/04/15 10:01:09
"sh0005","20240404",,,,"sh0001",2024/04/12 17:34:58,"sh0001",2024/04/15 10:01:09
"sh0005","20240405",,,,"sh0001",2024/04/12 17:34:58,"sh0001",2024/04/15 10:01:09
"sh0005","20240406",,,,"sh0001",2024/04/12 17:34:58,"sh0001",2024/04/15 10:01:09
"sh0005","20240407",,,,"sh0001",2024/04/12 17:34:58,"sh0001",2024/04/15 10:01:09
"sh0005","20240408",,,,"sh0001",2024/04/12 17:34:58,"sh0001",2024/04/15 10:01:09
"sh0005","20240409",,,,"sh0001",2024/04/12 17:34:58,"sh0001",2024/04/15 10:01:09
"sh0005","20240410",,,,"sh0001",2024/04/12 17:34:58,"sh0001",2024/04/15 10:01:09
"sh0005","20240411",,,,"sh0001",2024/04/12 17:34:58,"sh0001",2024/04/15 10:01:09
"sh0005","20240412",,,,"sh0001",2024/04/12 17:34:58,"sh0001",2024/04/15 10:01:09
"sh0005","20240413",,,,"sh0001",2024/04/12 17:34:58,"sh0001",2024/04/15 10:01:09
"sh0005","20240414",,,,"sh0001",2024/04/12 17:34:58,"sh0001",2024/04/15 10:01:09
"sh0005","20240415",,,,"sh0001",2024/04/12 17:34:58,"sh0001",2024/04/15 10:01:09
"sh0005","20240416",,,,"sh0001",2024/04/12 17:34:58,"sh0001",2024/04/15 10:01:09
"sh0005","20240417",,,,"sh0001",2024/04/12 17:34:58,"sh0001",2024/04/15 10:01:09
"sh0005","20240418",,,,"sh0001",2024/04/12 17:34:58,"sh0001",2024/04/15 10:01:09
"sh0005","20240419",,,,"sh0001",2024/04/12 17:34:58,"sh0001",2024/04/15 10:01:09
"sh0005","20240420",,,,"sh0001",2024/04/12 17:34:58,"sh0001",2024/04/15 10:01:09
"sh0005","20240421",,,,"sh0001",2024/04/12 17:34:58,"sh0001",2024/04/15 10:01:09
"sh0005","20240422",,,,"sh0001",2024/04/12 17:34:58,"sh0001",2024/04/15 10:01:09
"sh0005","20240423",,,,"sh0001",2024/04/12 17:34:58,"sh0001",2024/04/15 10:01:09
"sh0005","20240424",,,,"sh0001",2024/04/12 17:34:58,"sh0001",2024/04/15 10:01:09
"sh0005","20240425",,,,"sh0001",2024/04/12 17:34:58,"sh0001",2024/04/15 10:01:09
"sh0005","20240426",,,,"sh0001",2024/04/12 17:34:58,"sh0001",2024/04/15 10:01:09
"sh0005","20240427",,,,"sh0001",2024/04/12 17:34:58,"sh0001",2024/04/15 10:01:09
"sh0005","20240428",,,,"sh0001",2024/04/12 17:34:58,"sh0001",2024/04/15 10:01:09
"sh0005","20240429",,,,"sh0001",2024/04/12 17:34:58,"sh0001",2024/04/15 10:01:09
"sh0005","20240430",,,,"sh0001",2024/04/12 17:34:58,"sh0001",2024/04/15 10:01:09
"sh0006","20240401",,,,"sh0001",2024/04/12 17:34:58,"sh0001",2024/04/15 10:01:09
"sh0006","20240402",,,,"sh0001",2024/04/12 17:34:58,"sh0001",2024/04/15 10:01:09
"sh0006","20240403",,,,"sh0001",2024/04/12 17:34:58,"sh0001",2024/04/15 10:01:09
"sh0006","20240404",,,,"sh0001",2024/04/12 17:34:58,"sh0001",2024/04/15 10:01:09
"sh0006","20240405",,,,"sh0001",2024/04/12 17:34:58,"sh0001",2024/04/15 10:01:09
"sh0006","20240406",,,,"sh0001",2024/04/12 17:34:58,"sh0001",2024/04/15 10:01:09
"sh0006","20240407",,,,"sh0001",2024/04/12 17:34:58,"sh0001",2024/04/15 10:01:09
"sh0006","20240408",,,,"sh0001",2024/04/12 17:34:58,"sh0001",2024/04/15 10:01:09
"sh0006","20240409",,,,"sh0001",2024/04/12 17:34:58,"sh0001",2024/04/15 10:01:09
"sh0006","20240410",,,,"sh0001",2024/04/12 17:34:58,"sh0001",2024/04/15 10:01:09
"sh0006","20240411",,,,"sh0001",2024/04/12 17:34:58,"sh0001",2024/04/15 10:01:09
"sh0006","20240412",,,,"sh0001",2024/04/12 17:34:58,"sh0001",2024/04/15 10:01:09
"sh0006","20240413",,,,"sh0001",2024/04/12 17:34:58,"sh0001",2024/04/15 10:01:09
"sh0006","20240414",,,,"sh0001",2024/04/12 17:34:58,"sh0001",2024/04/15 10:01:09
"sh0006","20240415",,,,"sh0001",2024/04/12 17:34:58,"sh0001",2024/04/15 10:01:09
"sh0006","20240416",,,,"sh0001",2024/04/12 17:34:58,"sh0001",2024/04/15 10:01:09
"sh0006","20240417",,,,"sh0001",2024/04/12 17:34:58,"sh0001",2024/04/15 10:01:09
"sh0006","20240418",,,,"sh0001",2024/04/12 17:34:58,"sh0001",2024/04/15 10:01:09
"sh0006","20240419",,,,"sh0001",2024/04/12 17:34:58,"sh0001",2024/04/15 10:01:09
"sh0006","20240420",,,,"sh0001",2024/04/12 17:34:58,"sh0001",2024/04/15 10:01:09
"sh0006","20240421",,,,"sh0001",2024/04/12 17:34:58,"sh0001",2024/04/15 10:01:09
"sh0006","20240422",,,,"sh0001",2024/04/12 17:34:58,"sh0001",2024/04/15 10:01:09
"sh0006","20240423",,,,"sh0001",2024/04/12 17:34:58,"sh0001",2024/04/15 10:01:09
"sh0006","20240424",,,,"sh0001",2024/04/12 17:34:58,"sh0001",2024/04/15 10:01:09
"sh0006","20240425",,,,"sh0001",2024/04/12 17:34:58,"sh0001",2024/04/15 10:01:09
"sh0006","20240426",,,,"sh0001",2024/04/12 17:34:58,"sh0001",2024/04/15 10:01:09
"sh0006","20240427",,,,"sh0001",2024/04/12 17:34:58,"sh0001",2024/04/15 10:01:09
"sh0006","20240428",,,,"sh0001",2024/04/12 17:34:58,"sh0001",2024/04/15 10:01:09
"sh0006","20240429",,,,"sh0001",2024/04/12 17:34:58,"sh0001",2024/04/15 10:01:09
"sh0006","20240430",,,,"sh0001",2024/04/12 17:34:58,"sh0001",2024/04/15 10:01:09
"sh0007","20240401",,,,"sh0001",2024/04/12 17:34:58,"sh0001",2024/04/15 10:01:09
"sh0007","20240402",,,,"sh0001",2024/04/12 17:34:58,"sh0001",2024/04/15 10:01:09
"sh0007","20240403",,,,"sh0001",2024/04/12 17:34:58,"sh0001",2024/04/15 10:01:09
"sh0007","20240404",,,,"sh0001",2024/04/12 17:34:58,"sh0001",2024/04/15 10:01:09
"sh0007","20240405",,,,"sh0001",2024/04/12 17:34:58,"sh0001",2024/04/15 10:01:09
"sh0007","20240406",,,,"sh0001",2024/04/12 17:34:58,"sh0001",2024/04/15 10:01:09
"sh0007","20240407",,,,"sh0001",2024/04/12 17:34:58,"sh0001",2024/04/15 10:01:09
"sh0007","20240408",,,,"sh0001",2024/04/12 17:34:58,"sh0001",2024/04/15 10:01:09
"sh0007","20240409",,,,"sh0001",2024/04/12 17:34:58,"sh0001",2024/04/15 10:01:09
"sh0007","20240410",,,,"sh0001",2024/04/12 17:34:58,"sh0001",2024/04/15 10:01:09
"sh0007","20240411",,,,"sh0001",2024/04/12 17:34:58,"sh0001",2024/04/15 10:01:09
"sh0007","20240412",,,,"sh0001",2024/04/12 17:34:58,"sh0001",2024/04/15 10:01:09
"sh0007","20240413",,,,"sh0001",2024/04/12 17:34:58,"sh0001",2024/04/15 10:01:09
"sh0007","20240414",,,,"sh0001",2024/04/12 17:34:58,"sh0001",2024/04/15 10:01:09
"sh0007","20240415",,,,"sh0001",2024/04/12 17:34:58,"sh0001",2024/04/15 10:01:09
"sh0007","20240416",,,,"sh0001",2024/04/12 17:34:58,"sh0001",2024/04/15 10:01:09
"sh0007","20240417",,,,"sh0001",2024/04/12 17:34:58,"sh0001",2024/04/15 10:01:09
"sh0007","20240418",,,,"sh0001",2024/04/12 17:34:58,"sh0001",2024/04/15 10:01:09
"sh0007","20240419",,,,"sh0001",2024/04/12 17:34:58,"sh0001",2024/04/15 10:01:09
"sh0007","20240420",,,,"sh0001",2024/04/12 17:34:58,"sh0001",2024/04/15 10:01:09
"sh0007","20240421",,,,"sh0001",2024/04/12 17:34:58,"sh0001",2024/04/15 10:01:09
"sh0007","20240422",,,,"sh0001",2024/04/12 17:34:58,"sh0001",2024/04/15 10:01:09
"sh0007","20240423",,,,"sh0001",2024/04/12 17:34:58,"sh0001",2024/04/15 10:01:09
"sh0007","20240424",,,,"sh0001",2024/04/12 17:34:58,"sh0001",2024/04/15 10:01:09
"sh0007","20240425",,,,"sh0001",2024/04/12 17:34:58,"sh0001",2024/04/15 10:01:09
"sh0007","20240426",,,,"sh0001",2024/04/12 17:34:58,"sh0001",2024/04/15 10:01:09
"sh0007","20240427",,,,"sh0001",2024/04/12 17:34:58,"sh0001",2024/04/15 10:01:09
"sh0007","20240428",,,,"sh0001",2024/04/12 17:34:58,"sh0001",2024/04/15 10:01:09
"sh0007","20240429",,,,"sh0001",2024/04/12 17:34:58,"sh0001",2024/04/15 10:01:09
"sh0007","20240430",,,,"sh0001",2024/04/12 17:34:58,"sh0001",2024/04/15 10:01:09
"sh0008","20240401",,,,"sh0001",2024/04/12 17:34:58,"sh0001",2024/04/15 10:01:09
"sh0008","20240402",,,,"sh0001",2024/04/12 17:34:58,"sh0001",2024/04/15 10:01:09
"sh0008","20240403",,,,"sh0001",2024/04/12 17:34:58,"sh0001",2024/04/15 10:01:09
"sh0008","20240404",,,,"sh0001",2024/04/12 17:34:58,"sh0001",2024/04/15 10:01:09
"sh0008","20240405",,,,"sh0001",2024/04/12 17:34:58,"sh0001",2024/04/15 10:01:09
"sh0008","20240406",,,,"sh0001",2024/04/12 17:34:58,"sh0001",2024/04/15 10:01:09
"sh0008","20240407",,,,"sh0001",2024/04/12 17:34:58,"sh0001",2024/04/15 10:01:09
"sh0008","20240408",,,,"sh0001",2024/04/12 17:34:58,"sh0001",2024/04/15 10:01:09
"sh0008","20240409",,,,"sh0001",2024/04/12 17:34:58,"sh0001",2024/04/15 10:01:09
"sh0008","20240410",,,,"sh0001",2024/04/12 17:34:58,"sh0001",2024/04/15 10:01:09
"sh0008","20240411",,,,"sh0001",2024/04/12 17:34:58,"sh0001",2024/04/15 10:01:09
"sh0008","20240412",,,,"sh0001",2024/04/12 17:34:58,"sh0001",2024/04/15 10:01:09
"sh0008","20240413",,,,"sh0001",2024/04/12 17:34:58,"sh0001",2024/04/15 10:01:09
"sh0008","20240414",,,,"sh0001",2024/04/12 17:34:58,"sh0001",2024/04/15 10:01:09
"sh0008","20240415",,,,"sh0001",2024/04/12 17:34:58,"sh0001",2024/04/15 10:01:09
"sh0008","20240416",,,,"sh0001",2024/04/12 17:34:58,"sh0001",2024/04/15 10:01:09
"sh0008","20240417",,,,"sh0001",2024/04/12 17:34:58,"sh0001",2024/04/15 10:01:09
"sh0008","20240418",,,,"sh0001",2024/04/12 17:34:58,"sh0001",2024/04/15 10:01:09
"sh0008","20240419",,,,"sh0001",2024/04/12 17:34:58,"sh0001",2024/04/15 10:01:09
"sh0008","20240420",,,,"sh0001",2024/04/12 17:34:58,"sh0001",2024/04/15 10:01:09
"sh0008","20240421",,,,"sh0001",2024/04/12 17:34:58,"sh0001",2024/04/15 10:01:09
"sh0008","20240422",,,,"sh0001",2024/04/12 17:34:58,"sh0001",2024/04/15 10:01:09
"sh0008","20240423",,,,"sh0001",2024/04/12 17:34:58,"sh0001",2024/04/15 10:01:09
"sh0008","20240424",,,,"sh0001",2024/04/12 17:34:58,"sh0001",2024/04/15 10:01:09
"sh0008","20240425",,,,"sh0001",2024/04/12 17:34:58,"sh0001",2024/04/15 10:01:09
"sh0008","20240426",,,,"sh0001",2024/04/12 17:34:58,"sh0001",2024/04/15 10:01:09
"sh0008","20240427",,,,"sh0001",2024/04/12 17:34:58,"sh0001",2024/04/15 10:01:09
"sh0008","20240428",,,,"sh0001",2024/04/12 17:34:58,"sh0001",2024/04/15 10:01:09
"sh0008","20240429",,,,"sh0001",2024/04/12 17:34:58,"sh0001",2024/04/15 10:01:09
"sh0008","20240430",,,,"sh0001",2024/04/12 17:34:58,"sh0001",2024/04/15 10:01:09
"sh0010","20240401",,,,"sh0001",2024/04/12 17:34:58,"sh0001",2024/04/15 10:01:09
"sh0010","20240402",,,,"sh0001",2024/04/12 17:34:58,"sh0001",2024/04/15 10:01:09
"sh0010","20240403",,,,"sh0001",2024/04/12 17:34:58,"sh0001",2024/04/15 10:01:09
"sh0010","20240404",,,,"sh0001",2024/04/12 17:34:58,"sh0001",2024/04/15 10:01:09
"sh0010","20240405",,,,"sh0001",2024/04/12 17:34:58,"sh0001",2024/04/15 10:01:09
"sh0010","20240406",,,,"sh0001",2024/04/12 17:34:58,"sh0001",2024/04/15 10:01:09
"sh0010","20240407",,,,"sh0001",2024/04/12 17:34:58,"sh0001",2024/04/15 10:01:09
"sh0010","20240408",,,,"sh0001",2024/04/12 17:34:58,"sh0001",2024/04/15 10:01:09
"sh0010","20240409",,,,"sh0001",2024/04/12 17:34:58,"sh0001",2024/04/15 10:01:09
"sh0010","20240410",,,,"sh0001",2024/04/12 17:34:58,"sh0001",2024/04/15 10:01:09
"sh0010","20240411",,,,"sh0001",2024/04/12 17:34:58,"sh0001",2024/04/15 10:01:09
"sh0010","20240412",,,,"sh0001",2024/04/12 17:34:58,"sh0001",2024/04/15 10:01:09
"sh0010","20240413",,,,"sh0001",2024/04/12 17:34:58,"sh0001",2024/04/15 10:01:10
"sh0010","20240414",,,,"sh0001",2024/04/12 17:34:58,"sh0001",2024/04/15 10:01:10
"sh0010","20240415",,,,"sh0001",2024/04/12 17:34:58,"sh0001",2024/04/15 10:01:10
"sh0010","20240416",,,,"sh0001",2024/04/12 17:34:58,"sh0001",2024/04/15 10:01:10
"sh0010","20240417",,,,"sh0001",2024/04/12 17:34:58,"sh0001",2024/04/15 10:01:10
"sh0010","20240418",,,,"sh0001",2024/04/12 17:34:58,"sh0001",2024/04/15 10:01:10
"sh0010","20240419",,,,"sh0001",2024/04/12 17:34:58,"sh0001",2024/04/15 10:01:10
"sh0010","20240420",,,,"sh0001",2024/04/12 17:34:58,"sh0001",2024/04/15 10:01:10
"sh0010","20240421",,,,"sh0001",2024/04/12 17:34:58,"sh0001",2024/04/15 10:01:10
"sh0010","20240422",,,,"sh0001",2024/04/12 17:34:58,"sh0001",2024/04/15 10:01:10
"sh0010","20240423",,,,"sh0001",2024/04/12 17:34:58,"sh0001",2024/04/15 10:01:10
"sh0010","20240424",,,,"sh0001",2024/04/12 17:34:58,"sh0001",2024/04/15 10:01:10
"sh0010","20240425",,,,"sh0001",2024/04/12 17:34:58,"sh0001",2024/04/15 10:01:10
"sh0010","20240426",,,,"sh0001",2024/04/12 17:34:58,"sh0001",2024/04/15 10:01:10
"sh0010","20240427",,,,"sh0001",2024/04/12 17:34:58,"sh0001",2024/04/15 10:01:10
"sh0010","20240428",,,,"sh0001",2024/04/12 17:34:58,"sh0001",2024/04/15 10:01:10
"sh0010","20240429",,,,"sh0001",2024/04/12 17:34:58,"sh0001",2024/04/15 10:01:10
"sh0010","20240430",,,,"sh0001",2024/04/12 17:34:58,"sh0001",2024/04/15 10:01:10
"sh0011","20240401",,,,"sh0001",2024/04/12 17:34:58,"sh0001",2024/04/15 10:01:10
"sh0011","20240402",,,,"sh0001",2024/04/12 17:34:58,"sh0001",2024/04/15 10:01:10
"sh0011","20240403",,,,"sh0001",2024/04/12 17:34:58,"sh0001",2024/04/15 10:01:10
"sh0011","20240404",,,,"sh0001",2024/04/12 17:34:58,"sh0001",2024/04/15 10:01:10
"sh0011","20240405",,,,"sh0001",2024/04/12 17:34:58,"sh0001",2024/04/15 10:01:10
"sh0011","20240406",,,,"sh0001",2024/04/12 17:34:58,"sh0001",2024/04/15 10:01:10
"sh0011","20240407",,,,"sh0001",2024/04/12 17:34:58,"sh0001",2024/04/15 10:01:10
"sh0011","20240408",,,,"sh0001",2024/04/12 17:34:58,"sh0001",2024/04/15 10:01:10
"sh0011","20240409",,,,"sh0001",2024/04/12 17:34:58,"sh0001",2024/04/15 10:01:10
"sh0011","20240410",,,,"sh0001",2024/04/12 17:34:58,"sh0001",2024/04/15 10:01:10
"sh0011","20240411",,,,"sh0001",2024/04/12 17:34:58,"sh0001",2024/04/15 10:01:10
"sh0011","20240412",,,,"sh0001",2024/04/12 17:34:58,"sh0001",2024/04/15 10:01:10
"sh0011","20240413",,,,"sh0001",2024/04/12 17:34:58,"sh0001",2024/04/15 10:01:10
"sh0011","20240414",,,,"sh0001",2024/04/12 17:34:58,"sh0001",2024/04/15 10:01:10
"sh0011","20240415",,,,"sh0001",2024/04/12 17:34:58,"sh0001",2024/04/15 10:01:10
"sh0011","20240416",,,,"sh0001",2024/04/12 17:34:58,"sh0001",2024/04/15 10:01:10
"sh0011","20240417",,,,"sh0001",2024/04/12 17:34:58,"sh0001",2024/04/15 10:01:10
"sh0011","20240418",,,,"sh0001",2024/04/12 17:34:58,"sh0001",2024/04/15 10:01:10
"sh0011","20240419",,,,"sh0001",2024/04/12 17:34:58,"sh0001",2024/04/15 10:01:10
"sh0011","20240420",,,,"sh0001",2024/04/12 17:34:58,"sh0001",2024/04/15 10:01:10
"sh0011","20240421",,,,"sh0001",2024/04/12 17:34:58,"sh0001",2024/04/15 10:01:10
"sh0011","20240422",,,,"sh0001",2024/04/12 17:34:58,"sh0001",2024/04/15 10:01:10
"sh0011","20240423",,,,"sh0001",2024/04/12 17:34:58,"sh0001",2024/04/15 10:01:10
"sh0011","20240424",,,,"sh0001",2024/04/12 17:34:58,"sh0001",2024/04/15 10:01:10
"sh0011","20240425",,,,"sh0001",2024/04/12 17:34:58,"sh0001",2024/04/15 10:01:10
"sh0011","20240426",,,,"sh0001",2024/04/12 17:34:58,"sh0001",2024/04/15 10:01:10
"sh0011","20240427",,,,"sh0001",2024/04/12 17:34:58,"sh0001",2024/04/15 10:01:10
"sh0011","20240428",,,,"sh0001",2024/04/12 17:34:58,"sh0001",2024/04/15 10:01:10
"sh0011","20240429",,,,"sh0001",2024/04/12 17:34:58,"sh0001",2024/04/15 10:01:10
"sh0011","20240430",,,,"sh0001",2024/04/12 17:34:58,"sh0001",2024/04/15 10:01:10
"sh0012","20240401",,,,"sh0001",2024/04/12 17:34:58,"sh0001",2024/04/15 10:01:10
"sh0012","20240402",,,,"sh0001",2024/04/12 17:34:58,"sh0001",2024/04/15 10:01:10
"sh0012","20240403",,,,"sh0001",2024/04/12 17:34:58,"sh0001",2024/04/15 10:01:10
"sh0012","20240404",,,,"sh0001",2024/04/12 17:34:58,"sh0001",2024/04/15 10:01:10
"sh0012","20240405",,,,"sh0001",2024/04/12 17:34:58,"sh0001",2024/04/15 10:01:10
"sh0012","20240406",,,,"sh0001",2024/04/12 17:34:58,"sh0001",2024/04/15 10:01:10
"sh0012","20240407",,,,"sh0001",2024/04/12 17:34:58,"sh0001",2024/04/15 10:01:10
"sh0012","20240408",,,,"sh0001",2024/04/12 17:34:58,"sh0001",2024/04/15 10:01:10
"sh0012","20240409",,,,"sh0001",2024/04/12 17:34:58,"sh0001",2024/04/15 10:01:10
"sh0012","20240410",,,,"sh0001",2024/04/12 17:34:58,"sh0001",2024/04/15 10:01:10
"sh0012","20240411",,,,"sh0001",2024/04/12 17:34:58,"sh0001",2024/04/15 10:01:10
"sh0012","20240412",,,,"sh0001",2024/04/12 17:34:58,"sh0001",2024/04/15 10:01:10
"sh0012","20240413",,,,"sh0001",2024/04/12 17:34:58,"sh0001",2024/04/15 10:01:10
"sh0012","20240414",,,,"sh0001",2024/04/12 17:34:58,"sh0001",2024/04/15 10:01:10
"sh0012","20240415",,,,"sh0001",2024/04/12 17:34:58,"sh0001",2024/04/15 10:01:10
"sh0012","20240416",,,,"sh0001",2024/04/12 17:34:58,"sh0001",2024/04/15 10:01:10
"sh0012","20240417",,,,"sh0001",2024/04/12 17:34:58,"sh0001",2024/04/15 10:01:10
"sh0012","20240418",,,,"sh0001",2024/04/12 17:34:58,"sh0001",2024/04/15 10:01:10
"sh0012","20240419",,,,"sh0001",2024/04/12 17:34:58,"sh0001",2024/04/15 10:01:10
"sh0012","20240420",,,,"sh0001",2024/04/12 17:34:58,"sh0001",2024/04/15 10:01:10
"sh0012","20240421",,,,"sh0001",2024/04/12 17:34:58,"sh0001",2024/04/15 10:01:10
"sh0012","20240422",,,,"sh0001",2024/04/12 17:34:58,"sh0001",2024/04/15 10:01:10
"sh0012","20240423",,,,"sh0001",2024/04/12 17:34:58,"sh0001",2024/04/15 10:01:10
"sh0012","20240424",,,,"sh0001",2024/04/12 17:34:58,"sh0001",2024/04/15 10:01:10
"sh0012","20240425",,,,"sh0001",2024/04/12 17:34:58,"sh0001",2024/04/15 10:01:10
"sh0012","20240426",,,,"sh0001",2024/04/12 17:34:58,"sh0001",2024/04/15 10:01:10
"sh0012","20240427",,,,"sh0001",2024/04/12 17:34:58,"sh0001",2024/04/15 10:01:10
"sh0012","20240428",,,,"sh0001",2024/04/12 17:34:58,"sh0001",2024/04/15 10:01:10
"sh0012","20240429",,,,"sh0001",2024/04/12 17:34:58,"sh0001",2024/04/15 10:01:10
"sh0012","20240430",,,,"sh0001",2024/04/12 17:34:58,"sh0001",2024/04/15 10:01:10
"sh0013","20240401",,,,"sh0001",2024/04/12 17:34:58,"sh0001",2024/04/15 10:01:10
"sh0013","20240402",,,,"sh0001",2024/04/12 17:34:58,"sh0001",2024/04/15 10:01:10
"sh0013","20240403",,,,"sh0001",2024/04/12 17:34:58,"sh0001",2024/04/15 10:01:10
"sh0013","20240404",,,,"sh0001",2024/04/12 17:34:58,"sh0001",2024/04/15 10:01:10
"sh0013","20240405",,,,"sh0001",2024/04/12 17:34:58,"sh0001",2024/04/15 10:01:10
"sh0013","20240406",,,,"sh0001",2024/04/12 17:34:58,"sh0001",2024/04/15 10:01:10
"sh0013","20240407",,,,"sh0001",2024/04/12 17:34:58,"sh0001",2024/04/15 10:01:10
"sh0013","20240408",,,,"sh0001",2024/04/12 17:34:58,"sh0001",2024/04/15 10:01:10
"sh0013","20240409",,,,"sh0001",2024/04/12 17:34:58,"sh0001",2024/04/15 10:01:10
"sh0013","20240410",,,,"sh0001",2024/04/12 17:34:58,"sh0001",2024/04/15 10:01:10
"sh0013","20240411",,,,"sh0001",2024/04/12 17:34:58,"sh0001",2024/04/15 10:01:10
"sh0013","20240412",,,,"sh0001",2024/04/12 17:34:58,"sh0001",2024/04/15 10:01:10
"sh0013","20240413",,,,"sh0001",2024/04/12 17:34:58,"sh0001",2024/04/15 10:01:10
"sh0013","20240414",,,,"sh0001",2024/04/12 17:34:58,"sh0001",2024/04/15 10:01:10
"sh0013","20240415",,,,"sh0001",2024/04/12 17:34:58,"sh0001",2024/04/15 10:01:10
"sh0013","20240416",,,,"sh0001",2024/04/12 17:34:58,"sh0001",2024/04/15 10:01:10
"sh0013","20240417",,,,"sh0001",2024/04/12 17:34:58,"sh0001",2024/04/15 10:01:10
"sh0013","20240418",,,,"sh0001",2024/04/12 17:34:58,"sh0001",2024/04/15 10:01:10
"sh0013","20240419",,,,"sh0001",2024/04/12 17:34:58,"sh0001",2024/04/15 10:01:10
"sh0013","20240420",,,,"sh0001",2024/04/12 17:34:58,"sh0001",2024/04/15 10:01:10
"sh0013","20240421",,,,"sh0001",2024/04/12 17:34:58,"sh0001",2024/04/15 10:01:10
"sh0013","20240422",,,,"sh0001",2024/04/12 17:34:58,"sh0001",2024/04/15 10:01:10
"sh0013","20240423",,,,"sh0001",2024/04/12 17:34:58,"sh0001",2024/04/15 10:01:10
"sh0013","20240424",,,,"sh0001",2024/04/12 17:34:58,"sh0001",2024/04/15 10:01:10
"sh0013","20240425",,,,"sh0001",2024/04/12 17:34:58,"sh0001",2024/04/15 10:01:10
"sh0013","20240426",,,,"sh0001",2024/04/12 17:34:58,"sh0001",2024/04/15 10:01:10
"sh0013","20240427",,,,"sh0001",2024/04/12 17:34:58,"sh0001",2024/04/15 10:01:10
"sh0013","20240428",,,,"sh0001",2024/04/12 17:34:58,"sh0001",2024/04/15 10:01:10
"sh0013","20240429",,,,"sh0001",2024/04/12 17:34:58,"sh0001",2024/04/15 10:01:10
"sh0013","20240430",,,,"sh0001",2024/04/12 17:34:58,"sh0001",2024/04/15 10:01:10
"sh0014","20240401",,,,"sh0001",2024/04/12 17:34:58,"sh0001",2024/04/15 10:01:10
"sh0014","20240402",,,,"sh0001",2024/04/12 17:34:58,"sh0001",2024/04/15 10:01:10
"sh0014","20240403",,,,"sh0001",2024/04/12 17:34:58,"sh0001",2024/04/15 10:01:10
"sh0014","20240404",,,,"sh0001",2024/04/12 17:34:58,"sh0001",2024/04/15 10:01:10
"sh0014","20240405",,,,"sh0001",2024/04/12 17:34:58,"sh0001",2024/04/15 10:01:10
"sh0014","20240406",,,,"sh0001",2024/04/12 17:34:58,"sh0001",2024/04/15 10:01:10
"sh0014","20240407",,,,"sh0001",2024/04/12 17:34:58,"sh0001",2024/04/15 10:01:10
"sh0014","20240408",,,,"sh0001",2024/04/12 17:34:58,"sh0001",2024/04/15 10:01:10
"sh0014","20240409",,,,"sh0001",2024/04/12 17:34:58,"sh0001",2024/04/15 10:01:10
"sh0014","20240410",,,,"sh0001",2024/04/12 17:34:58,"sh0001",2024/04/15 10:01:10
"sh0014","20240411",,,,"sh0001",2024/04/12 17:34:58,"sh0001",2024/04/15 10:01:10
"sh0014","20240412",,,,"sh0001",2024/04/12 17:34:58,"sh0001",2024/04/15 10:01:10
"sh0014","20240413",,,,"sh0001",2024/04/12 17:34:58,"sh0001",2024/04/15 10:01:10
"sh0014","20240414",,,,"sh0001",2024/04/12 17:34:58,"sh0001",2024/04/15 10:01:10
"sh0014","20240415",,,,"sh0001",2024/04/12 17:34:58,"sh0001",2024/04/15 10:01:10
"sh0014","20240416",,,,"sh0001",2024/04/12 17:34:58,"sh0001",2024/04/15 10:01:10
"sh0014","20240417",,,,"sh0001",2024/04/12 17:34:58,"sh0001",2024/04/15 10:01:10
"sh0014","20240418",,,,"sh0001",2024/04/12 17:34:58,"sh0001",2024/04/15 10:01:10
"sh0014","20240419",,,,"sh0001",2024/04/12 17:34:58,"sh0001",2024/04/15 10:01:10
"sh0014","20240420",,,,"sh0001",2024/04/12 17:34:58,"sh0001",2024/04/15 10:01:10
"sh0014","20240421",,,,"sh0001",2024/04/12 17:34:58,"sh0001",2024/04/15 10:01:10
"sh0014","20240422",,,,"sh0001",2024/04/12 17:34:58,"sh0001",2024/04/15 10:01:10
"sh0014","20240423",,,,"sh0001",2024/04/12 17:34:58,"sh0001",2024/04/15 10:01:10
"sh0014","20240424",,,,"sh0001",2024/04/12 17:34:58,"sh0001",2024/04/15 10:01:10
"sh0014","20240425",,,,"sh0001",2024/04/12 17:34:58,"sh0001",2024/04/15 10:01:10
"sh0014","20240426",,,,"sh0001",2024/04/12 17:34:58,"sh0001",2024/04/15 10:01:10
"sh0014","20240427",,,,"sh0001",2024/04/12 17:34:58,"sh0001",2024/04/15 10:01:10
"sh0014","20240428",,,,"sh0001",2024/04/12 17:34:58,"sh0001",2024/04/15 10:01:10
"sh0014","20240429",,,,"sh0001",2024/04/12 17:34:58,"sh0001",2024/04/15 10:01:10
"sh0014","20240430",,,,"sh0001",2024/04/12 17:34:58,"sh0001",2024/04/15 10:01:10
"sh0015","20240401",,,,"sh0001",2024/04/12 17:34:58,"sh0001",2024/04/15 10:01:10
"sh0015","20240402",,,,"sh0001",2024/04/12 17:34:58,"sh0001",2024/04/15 10:01:10
"sh0015","20240403",,,,"sh0001",2024/04/12 17:34:58,"sh0001",2024/04/15 10:01:10
"sh0015","20240404",,,,"sh0001",2024/04/12 17:34:58,"sh0001",2024/04/15 10:01:10
"sh0015","20240405",,,,"sh0001",2024/04/12 17:34:58,"sh0001",2024/04/15 10:01:10
"sh0015","20240406",,,,"sh0001",2024/04/12 17:34:58,"sh0001",2024/04/15 10:01:10
"sh0015","20240407",,,,"sh0001",2024/04/12 17:34:58,"sh0001",2024/04/15 10:01:10
"sh0015","20240408",,,,"sh0001",2024/04/12 17:34:58,"sh0001",2024/04/15 10:01:10
"sh0015","20240409",,,,"sh0001",2024/04/12 17:34:58,"sh0001",2024/04/15 10:01:10
"sh0015","20240410",,,,"sh0001",2024/04/12 17:34:58,"sh0001",2024/04/15 10:01:10
"sh0015","20240411",,,,"sh0001",2024/04/12 17:34:58,"sh0001",2024/04/15 10:01:10
"sh0015","20240412",,,,"sh0001",2024/04/12 17:34:58,"sh0001",2024/04/15 10:01:10
"sh0015","20240413",,,,"sh0001",2024/04/12 17:34:58,"sh0001",2024/04/15 10:01:10
"sh0015","20240414",,,,"sh0001",2024/04/12 17:34:58,"sh0001",2024/04/15 10:01:10
"sh0015","20240415",,,,"sh0001",2024/04/12 17:34:58,"sh0001",2024/04/15 10:01:10
"sh0015","20240416",,,,"sh0001",2024/04/12 17:34:58,"sh0001",2024/04/15 10:01:10
"sh0015","20240417",,,,"sh0001",2024/04/12 17:34:58,"sh0001",2024/04/15 10:01:10
"sh0015","20240418",,,,"sh0001",2024/04/12 17:34:58,"sh0001",2024/04/15 10:01:10
"sh0015","20240419",,,,"sh0001",2024/04/12 17:34:58,"sh0001",2024/04/15 10:01:10
"sh0015","20240420",,,,"sh0001",2024/04/12 17:34:58,"sh0001",2024/04/15 10:01:10
"sh0015","20240421",,,,"sh0001",2024/04/12 17:34:58,"sh0001",2024/04/15 10:01:10
"sh0015","20240422",,,,"sh0001",2024/04/12 17:34:58,"sh0001",2024/04/15 10:01:10
"sh0015","20240423",,,,"sh0001",2024/04/12 17:34:58,"sh0001",2024/04/15 10:01:10
"sh0015","20240424",,,,"sh0001",2024/04/12 17:34:58,"sh0001",2024/04/15 10:01:10
"sh0015","20240425",,,,"sh0001",2024/04/12 17:34:58,"sh0001",2024/04/15 10:01:10
"sh0015","20240426",,,,"sh0001",2024/04/12 17:34:58,"sh0001",2024/04/15 10:01:10
"sh0015","20240427",,,,"sh0001",2024/04/12 17:34:58,"sh0001",2024/04/15 10:01:10
"sh0015","20240428",,,,"sh0001",2024/04/12 17:34:58,"sh0001",2024/04/15 10:01:10
"sh0015","20240429",,,,"sh0001",2024/04/12 17:34:58,"sh0001",2024/04/15 10:01:10
"sh0015","20240430",,,,"sh0001",2024/04/12 17:34:58,"sh0001",2024/04/15 10:01:10
"sh0016","20240401",,,,"sh0001",2024/04/12 17:34:58,"sh0001",2024/04/15 10:01:10
"sh0016","20240402",,,,"sh0001",2024/04/12 17:34:58,"sh0001",2024/04/15 10:01:10
"sh0016","20240403",,,,"sh0001",2024/04/12 17:34:58,"sh0001",2024/04/15 10:01:10
"sh0016","20240404",,,,"sh0001",2024/04/12 17:34:58,"sh0001",2024/04/15 10:01:10
"sh0016","20240405",,,,"sh0001",2024/04/12 17:34:58,"sh0001",2024/04/15 10:01:10
"sh0016","20240406",,,,"sh0001",2024/04/12 17:34:58,"sh0001",2024/04/15 10:01:10
"sh0016","20240407",,,,"sh0001",2024/04/12 17:34:58,"sh0001",2024/04/15 10:01:10
"sh0016","20240408",,,,"sh0001",2024/04/12 17:34:58,"sh0001",2024/04/15 10:01:10
"sh0016","20240409",,,,"sh0001",2024/04/12 17:34:58,"sh0001",2024/04/15 10:01:10
"sh0016","20240410",,,,"sh0001",2024/04/12 17:34:58,"sh0001",2024/04/15 10:01:10
"sh0016","20240411",,,,"sh0001",2024/04/12 17:34:58,"sh0001",2024/04/15 10:01:10
"sh0016","20240412",,,,"sh0001",2024/04/12 17:34:58,"sh0001",2024/04/15 10:01:10
"sh0016","20240413",,,,"sh0001",2024/04/12 17:34:58,"sh0001",2024/04/15 10:01:10
"sh0016","20240414",,,,"sh0001",2024/04/12 17:34:58,"sh0001",2024/04/15 10:01:10
"sh0016","20240415",,,,"sh0001",2024/04/12 17:34:58,"sh0001",2024/04/15 10:01:10
"sh0016","20240416",,,,"sh0001",2024/04/12 17:34:58,"sh0001",2024/04/15 10:01:10
"sh0016","20240417",,,,"sh0001",2024/04/12 17:34:58,"sh0001",2024/04/15 10:01:10
"sh0016","20240418",,,,"sh0001",2024/04/12 17:34:58,"sh0001",2024/04/15 10:01:10
"sh0016","20240419",,,,"sh0001",2024/04/12 17:34:58,"sh0001",2024/04/15 10:01:10
"sh0016","20240420",,,,"sh0001",2024/04/12 17:34:58,"sh0001",2024/04/15 10:01:10
"sh0016","20240421",,,,"sh0001",2024/04/12 17:34:58,"sh0001",2024/04/15 10:01:10
"sh0016","20240422",,,,"sh0001",2024/04/12 17:34:58,"sh0001",2024/04/15 10:01:10
"sh0016","20240423",,,,"sh0001",2024/04/12 17:34:58,"sh0001",2024/04/15 10:01:10
"sh0016","20240424",,,,"sh0001",2024/04/12 17:34:58,"sh0001",2024/04/15 10:01:10
"sh0016","20240425",,,,"sh0001",2024/04/12 17:34:58,"sh0001",2024/04/15 10:01:10
"sh0016","20240426",,,,"sh0001",2024/04/12 17:34:58,"sh0001",2024/04/15 10:01:10
"sh0016","20240427",,,,"sh0001",2024/04/12 17:34:58,"sh0001",2024/04/15 10:01:10
"sh0016","20240428",,,,"sh0001",2024/04/12 17:34:58,"sh0001",2024/04/15 10:01:10
"sh0016","20240429",,,,"sh0001",2024/04/12 17:34:58,"sh0001",2024/04/15 10:01:10
"sh0016","20240430",,,,"sh0001",2024/04/12 17:34:58,"sh0001",2024/04/15 10:01:10
"sh0018","20240401",,,,"sh0001",2024/04/12 17:34:58,"sh0001",2024/04/15 10:01:10
"sh0018","20240402",,,,"sh0001",2024/04/12 17:34:58,"sh0001",2024/04/15 10:01:10
"sh0018","20240403",,,,"sh0001",2024/04/12 17:34:58,"sh0001",2024/04/15 10:01:10
"sh0018","20240404",,,,"sh0001",2024/04/12 17:34:58,"sh0001",2024/04/15 10:01:10
"sh0018","20240405",,,,"sh0001",2024/04/12 17:34:58,"sh0001",2024/04/15 10:01:10
"sh0018","20240406",,,,"sh0001",2024/04/12 17:34:58,"sh0001",2024/04/15 10:01:10
"sh0018","20240407",,,,"sh0001",2024/04/12 17:34:58,"sh0001",2024/04/15 10:01:10
"sh0018","20240408",,,,"sh0001",2024/04/12 17:34:58,"sh0001",2024/04/15 10:01:10
"sh0018","20240409",,,,"sh0001",2024/04/12 17:34:58,"sh0001",2024/04/15 10:01:10
"sh0018","20240410",,,,"sh0001",2024/04/12 17:34:58,"sh0001",2024/04/15 10:01:10
"sh0018","20240411",,,,"sh0001",2024/04/12 17:34:58,"sh0001",2024/04/15 10:01:10
"sh0018","20240412",,,,"sh0001",2024/04/12 17:34:58,"sh0001",2024/04/15 10:01:10
"sh0018","20240413",,,,"sh0001",2024/04/12 17:34:58,"sh0001",2024/04/15 10:01:10
"sh0018","20240414",,,,"sh0001",2024/04/12 17:34:58,"sh0001",2024/04/15 10:01:10
"sh0018","20240415",,,,"sh0001",2024/04/12 17:34:58,"sh0001",2024/04/15 10:01:10
"sh0018","20240416",,,,"sh0001",2024/04/12 17:34:58,"sh0001",2024/04/15 10:01:10
"sh0018","20240417",,,,"sh0001",2024/04/12 17:34:58,"sh0001",2024/04/15 10:01:10
"sh0018","20240418",,,,"sh0001",2024/04/12 17:34:58,"sh0001",2024/04/15 10:01:10
"sh0018","20240419",,,,"sh0001",2024/04/12 17:34:58,"sh0001",2024/04/15 10:01:10
"sh0018","20240420",,,,"sh0001",2024/04/12 17:34:58,"sh0001",2024/04/15 10:01:10
"sh0018","20240421",,,,"sh0001",2024/04/12 17:34:58,"sh0001",2024/04/15 10:01:10
"sh0018","20240422",,,,"sh0001",2024/04/12 17:34:58,"sh0001",2024/04/15 10:01:10
"sh0018","20240423",,,,"sh0001",2024/04/12 17:34:58,"sh0001",2024/04/15 10:01:10
"sh0018","20240424",,,,"sh0001",2024/04/12 17:34:58,"sh0001",2024/04/15 10:01:10
"sh0018","20240425",,,,"sh0001",2024/04/12 17:34:58,"sh0001",2024/04/15 10:01:10
"sh0018","20240426",,,,"sh0001",2024/04/12 17:34:58,"sh0001",2024/04/15 10:01:10
"sh0018","20240427",,,,"sh0001",2024/04/12 17:34:58,"sh0001",2024/04/15 10:01:10
"sh0018","20240428",,,,"sh0001",2024/04/12 17:34:58,"sh0001",2024/04/15 10:01:10
"sh0018","20240429",,,,"sh0001",2024/04/12 17:34:58,"sh0001",2024/04/15 10:01:10
"sh0018","20240430",,,,"sh0001",2024/04/12 17:34:58,"sh0001",2024/04/15 10:01:10
